1692576000,1.1,1.11,0.9993,1.0,70332.96982,47
1692662400,1.0,1.0213,0.976,1.0,353596.9781499993,1312
1692748800,1.0,1.0,0.999,1.0,117488.6061899999,913
1692835200,1.0,1.0,0.9999,0.9999,1096217.9495400016,606
1692921600,0.9999,1.0074,0.9714,0.9998,53014.9728,134
1693008000,0.9999,1.0,0.9999,1.0,8053.14068,31
1693094400,0.9999,1.0,0.9898,0.9898,1976.42889,27
1693180800,0.9999,1.0173,0.9704,1.0,24512.51102,49
1693267200,1.0,1.9,0.9751,1.0,38865.42252,111
1693353600,1.0,1.0155,0.9901,1.0,48681.84847,113
1693440000,1.0,1.0149,0.992,0.9999,30349.55536,82
1693526400,0.9999,1.0155,0.99,0.9999,49425.44291,89
1693612800,1.0,1.0,0.9999,0.9999,7078.92763,28
1693699200,1.0,1.0,0.9999,1.0,23821.42551,51
1693785600,1.0,1.0,0.9999,0.9999,23380.12943,46
1693872000,1.0,1.0,0.9999,1.0,19372.2013,68
1693958400,0.9999,1.0098,0.994,1.0079,12144.73509,101
1694044800,1.0,1.0035,0.9903,0.9999,23335.14576,100
1694131200,0.9999,1.0014,0.9999,0.9999,25250.40005,31
1694217600,1.0,1.0045,0.9907,1.0,49677.09596,58
1694304000,0.99,1.0049,0.99,1.0,15931.18855,44
1694390400,0.9999,1.0049,0.9999,1.0,36403.75781,47
1694476800,1.0,1.0,0.9999,1.0,12709.90303,36
1694563200,1.0,1.004,0.9999,1.0,55315.40042,40
1694649600,1.0,1.0023,0.9999,1.0,38439.72703,171
1694736000,0.9999,1.0029,0.9999,0.9999,254759.81072,65
1694822400,1.0,1.0,0.9999,1.0,33890.03102,45
1694908800,1.0,1.0,0.9999,1.0,20096.40937,30
1694995200,1.0,1.0,0.9999,1.0,72843.86385,59
1695081600,1.0,1.0,0.9999,1.0,3603.13356,29
1695168000,1.0,1.0,0.9999,1.0,9264.48533,28
1695254400,0.9999,1.0001,0.9999,1.0,56645.159,240
1695340800,0.9999,1.003,0.9998,1.0,121507.20677,297
1695427200,1.0,1.0157,0.9998,1.0,43791.50413,392
1695513600,1.0,1.0,0.9999,1.0,33675.83465,298
1695600000,1.0,1.0,0.9999,1.0,41373.33113,104
1695686400,0.9999,1.0146,0.9999,1.0,45553.06939,181
1695772800,1.0,1.0156,0.9999,1.0,115915.01039,352
1695859200,1.0,1.0155,0.9999,0.9999,41504.28482,99
1695945600,1.0,1.0777,0.9999,0.9999,63558.06034,80
1696032000,1.0,1.0,0.9999,0.9999,42393.67848,37
1696118400,1.0,1.0001,0.9999,1.0001,49283.71537,28
1696204800,1.0,1.0749,0.9,1.0,175477.32127,450
1696291200,0.9999,1.0001,0.9999,0.9999,50104.43777,53
1696377600,1.0,1.0097,0.9901,1.0,54476.7033,96
1696464000,0.9999,1.0,0.9999,1.0,46442.32878,49
1696550400,0.9999,1.0,0.9999,0.9999,2628.29882,28
1696636800,1.0,1.0078,0.9932,0.9962,66371.74248,68
1696723200,1.0,1.0,0.9999,0.9999,688.48218,12
1696809600,0.9999,1.0,0.9999,1.0,3771.1847,21
1696896000,1.0,1.0076,0.9998,0.9999,25403.40034,130
1696982400,1.0,1.0075,0.9998,0.9999,16655.47621,64
1697068800,1.0004,1.008,0.9931,0.9999,52791.5017,137
1697155200,0.9999,0.9999,0.9998,0.9999,21180.62116,56
1697241600,0.9998,0.9999,0.9998,0.9999,1002.51103,16
1697328000,0.9998,0.9999,0.9997,0.9998,29001.9437,33
1697414400,0.9998,1.0077,0.993,1.0077,29442.75465,139
1697500800,0.996,1.0079,0.9931,0.9998,21740.33444,67
1697587200,0.9999,0.9999,0.9998,0.9998,13700.73208,44
1697673600,0.9998,1.0072,0.9945,0.9999,33197.16246,67
1697760000,0.9999,1.0078,0.9946,0.9998,35872.79388,206
1697846400,0.9999,1.0078,0.9942,0.9998,8976.2706,39
1697932800,0.9998,0.9999,0.9998,0.9999,6740.73373,12
1698019200,0.9998,1.0073,0.9931,0.9999,21782.1673,125
1698105600,0.9998,1.0097,0.9902,0.9998,75467.10911,260
1698192000,0.9998,0.9998,0.99,0.9995,59301.31736,111
1698278400,0.9995,0.9996,0.9995,0.9996,10039.57962,45
1698364800,0.9998,0.9998,0.9996,0.9998,116220.28855,370
1698451200,0.9998,0.9998,0.9995,0.9996,36132.5566,89
1698537600,0.9996,0.9996,0.9995,0.9996,482.054,11
1698624000,0.9995,0.9998,0.9995,0.9998,62548.10339,27
1698710400,0.9998,0.9998,0.9995,0.9995,3997.94631,22
1698796800,0.9995,0.9996,0.9995,0.9996,17689.45139,54
1698883200,0.9982,0.9998,0.9981,0.9995,10164.66693,29
1698969600,0.9996,0.9999,0.9995,0.9996,10760.00538,30
1699056000,0.9995,0.9996,0.9995,0.9996,8638.84231,22
1699142400,0.9996,0.9996,0.9995,0.9996,1718.12175,24
1699228800,0.9995,0.9996,0.9977,0.9996,12313.48339,49
1699315200,0.9996,0.9996,0.9995,0.9996,11717.03657,40
1699401600,0.9996,1.0,0.9994,0.9996,19581.21225,78
1699488000,0.9995,1.0099,0.999,0.999,27360.16775,97
1699574400,0.9992,1.0078,0.9977,0.9996,33810.15103,120
1699660800,0.9995,0.9996,0.999,0.9995,31481.75882,47
1699747200,0.9994,0.9995,0.998,0.9995,8932.15271,60
1699833600,0.9994,1.049,0.999,0.999,61937.46642,133
1699920000,0.9993,1.0101,0.999,0.9993,10788.13747,70
1700006400,0.9993,1.0132,0.9993,0.9993,521093.1672299998,128
1700092800,0.9995,1.0105,0.9993,0.9993,272100.96584,247
1700179200,0.9994,1.003,0.9972,0.9994,458971.5681099999,96
1700265600,0.9994,0.9996,0.999,0.9995,7449.97795,39
1700352000,0.9994,1.0061,0.9994,0.9995,946384.3551400001,149
1700438400,0.9995,1.0061,0.9976,0.9978,975636.7890300003,142
1700524800,0.9997,0.9999,0.9977,0.9994,657925.9240300002,92
1700611200,0.9995,1.0,0.9994,0.9994,876299.5057600002,144
1700697600,0.9998,1.0061,0.9984,0.9994,1463817.7641699987,159
1700784000,0.9995,1.0721,0.9994,1.0017,1781471.8127000004,262
1700870400,0.9997,1.0082,0.9993,0.9994,161346.08854,79
1700956800,0.9995,1.0067,0.9993,0.9995,1543212.8134,123
1701043200,0.9995,0.9999,0.9991,0.9999,33706.6377499997,683
1701129600,0.9994,1.0002,0.998,0.9992,112586.70833,86
1701216000,0.9996,1.0066,0.9992,0.9992,443477.36995,97
1701302400,1.0045,1.0049,0.9991,0.9991,30940.1148,83
1701388800,0.9991,1.004,0.999,0.9996,184655.14807,62
1701475200,1.0045,1.0057,0.9991,0.9991,40614.30393,323
1701561600,0.9993,1.0,0.9991,0.9993,231069.41469,55
1701648000,0.9991,1.0043,0.998,0.9999,29093.74864,93
1701734400,0.9999,1.0028,0.998,0.9999,5468.9386,62
1701820800,0.9998,1.0164,0.9991,1.0163,29348.23017,154
1701907200,1.0063,1.0164,0.9972,0.9991,78194.1859799994,1574
1701993600,0.9997,1.0132,0.9952,0.9991,17087.63279,89
1702080000,0.9993,0.9999,0.9991,0.9995,19424.92629,55
1702166400,0.9997,0.9997,0.9991,0.9995,35973.97899,101
1702252800,0.9995,1.0068,0.9915,0.9991,51661.03849,127
1702339200,0.9998,1.0052,0.9991,0.9996,186746.46329,72
1702425600,0.9997,1.0052,0.9933,0.9997,2100432.11157,178
1702512000,0.9997,1.0052,0.9991,0.9992,3455352.9849600014,318
1702598400,0.9997,0.9999,0.9991,0.9996,477954.8033999999,71
1702684800,0.9999,0.9999,0.9993,0.9994,7441.04339,62
1702771200,0.9993,0.9997,0.9993,0.9997,20349.24102,35
1702857600,0.9996,0.9997,0.9993,0.9996,5660.80678,46
1702944000,0.9996,1.0065,0.9942,0.9996,1246138.229020002,243
1703030400,0.9995,1.0,0.9991,0.9997,248765.81965,140
1703116800,0.9997,0.9997,0.9992,0.9997,17958.12305,88
1703203200,0.9996,0.9997,0.9996,0.9997,38992.68445,154
1703289600,0.9996,0.9997,0.9992,0.9996,69998.95783,58
1703376000,0.9996,0.9997,0.9992,0.9997,54397.56381,54
1703462400,0.9996,0.9997,0.9996,0.9997,7153.73993,24
1703548800,0.9997,0.9997,0.9991,0.9993,113325.86346,62
1703635200,0.9992,1.0068,0.9992,0.9997,2110422.54318,129
1703721600,0.9996,1.003,0.9992,0.9997,2032192.8714600005,202
1703808000,0.9997,1.0053,0.9992,0.9996,1971815.79328,123
1703894400,0.9996,0.9997,0.9992,0.9993,53265.22005,71
1703980800,0.9992,0.9997,0.9992,0.9993,37214.28323,36
1704067200,0.9997,1.01,0.9922,0.9993,15249.25537,46
1704153600,0.9993,1.0,0.9977,0.9993,439530.31632,79
1704240000,0.9993,0.9997,0.9992,0.9996,58518.78147,54
1704326400,0.9997,1.0071,0.9977,0.9993,948456.0557099999,148
1704412800,0.9996,1.0066,0.9914,0.9999,40162.47351,89
1704499200,0.9999,0.9999,0.9991,0.9992,3991.12035,33
1704585600,0.9993,0.9997,0.9992,0.9993,38236.44125,34
1704672000,0.9997,0.9999,0.9921,0.9997,184198.6497199999,102
1704758400,0.9997,0.9997,0.9991,0.9993,199142.38141,103
1704844800,0.9993,1.0,0.9991,0.9993,1179329.3399300005,197
1704931200,0.9993,1.0055,0.9991,0.9996,2360429.4648499987,335
1705017600,0.9996,1.0036,0.9991,0.9996,1267135.9554300015,332
1705104000,0.9995,1.0001,0.9991,0.9993,1276393.2386099987,669
1705190400,0.9993,1.0,0.9992,0.9994,1597924.9012700005,475
1705276800,0.9994,1.0038,0.9992,0.9999,1391708.7072699987,746
1705363200,0.9999,1.0001,0.9992,0.9996,4515626.295049997,693
1705449600,0.9997,1.0023,0.9991,0.9996,3578262.725529997,1145
1705536000,0.9999,1.0003,0.9992,0.9993,3347575.3941800017,648
1705622400,0.9992,0.9997,0.9991,0.9994,24920.28511,253
1705708800,0.9994,0.9997,0.9994,0.9995,2791.58708,29
1705795200,0.9997,0.9997,0.9991,0.9992,8410.32358,88
1705881600,0.9992,1.0,0.9991,0.9992,778449.5256499997,471
1705968000,0.9992,1.0,0.9992,0.9992,256302.3587499996,204
1706054400,0.9993,1.0,0.9992,0.9993,1156087.5450499991,345
1706140800,0.9993,0.9997,0.9992,0.9997,33276.54938,96
1706227200,0.9995,0.9997,0.9992,0.9993,12165.88612,111
1706313600,0.9993,0.9997,0.9991,0.9996,6022.11202,92
1706400000,0.9996,0.9997,0.9992,0.9996,17067.39556,175
1706486400,0.9996,0.9998,0.9991,0.9991,17021.88686,254
1706572800,0.9992,0.9994,0.9991,0.9994,4055.36216,97
1706659200,0.9992,0.9997,0.9992,0.9995,34255.18231,135
1706745600,0.9995,0.9997,0.9992,0.9996,11412.55806,118
1706832000,0.9996,0.9997,0.9992,0.9992,5299.32734,105
1706918400,0.9992,0.9997,0.9992,0.9995,13398.1711,99
1707004800,0.9995,0.9997,0.9992,0.9995,72620.7335999999,189
1707091200,0.9995,0.9997,0.9992,0.9997,60193.4655600002,156
1707177600,0.9997,0.9997,0.9992,0.9996,21260.84435,287
1707264000,0.9996,0.9997,0.9992,0.9997,55221.9481999999,215
1707350400,0.9997,0.9998,0.9994,0.9995,7388.22729,143
1707436800,0.9996,0.9997,0.9989,0.9995,309895.0104099999,411
1707523200,0.9994,0.9997,0.9992,0.9997,38858.20293,122
1707609600,0.9997,0.9997,0.9995,0.9995,18176.64339,98
1707696000,0.9995,0.9997,0.9991,0.9992,89260.6333499999,271
1707782400,0.9992,0.9999,0.9991,0.9992,147290.7620200003,520
1707868800,0.9992,1.0,0.999,0.9999,639996.2433799999,771
1707955200,0.9999,1.0,0.999,0.9998,870549.6122000034,671
1708041600,0.9996,1.0003,0.9992,0.9998,1503684.1240900012,586
1708128000,0.9999,0.9999,0.999,0.9991,108497.6468699999,203
1708214400,0.9993,1.0003,0.999,0.9999,311280.463090001,449
1708300800,0.9999,0.9999,0.9989,0.9992,203827.23238,342
1708387200,0.9992,1.0046,0.999,0.9998,590578.2014099987,725
1708473600,0.9999,1.0012,0.9991,0.9999,794592.190440001,487
1708560000,0.9999,1.0,0.9991,0.9991,200424.2027000001,345
1708646400,0.9992,1.0001,0.9991,1.0001,224051.8988799999,87
1708732800,1.0001,1.0001,0.9996,0.9997,144254.0690099998,118
1708819200,0.9999,0.9999,0.9994,0.9998,19972.13551,156
1708905600,0.9998,1.0001,0.9992,0.9998,375164.8830599999,264
1708992000,1.0,1.0001,0.9994,0.9999,246245.2094100004,454
1709078400,1.0,1.0,0.9992,0.9999,189271.03094,544
1709164800,0.9998,1.0001,0.9991,0.9997,520631.9053200001,562
1709251200,0.9998,1.0,0.9993,1.0,62660.97759,322
1709337600,1.0,1.0,0.9994,0.9995,47524.37342,594
1709424000,0.9995,0.9998,0.9991,0.9997,187896.3476500003,499
1709510400,0.9998,1.0,0.995,0.9992,651894.7338900014,1385
1709596800,0.9992,1.027,0.8454,0.9997,566122.7589100039,2072
1709683200,0.9993,1.0,0.9992,0.9995,476651.2833000008,786
1709769600,0.9997,1.0006,0.9991,0.9998,548400.9974499993,563
1709856000,0.9998,1.0004,0.987,0.9995,357203.4034000005,877
1709942400,0.9992,1.0,0.9992,0.9997,212761.1726199998,977
1710028800,0.9997,0.9998,0.9991,0.9995,354978.9534899979,854
1710115200,0.9995,1.0,0.9992,0.9994,358530.5697400013,1766
1710201600,0.9996,1.0095,0.9992,1.0,190225.2267000002,1504
1710288000,0.9999,0.9999,0.9992,0.9998,124805.0779199982,2238
1710374400,0.9998,0.9999,0.98,0.9997,173932.8425799991,938
1710460800,0.9998,1.0095,0.9992,0.9998,78669.3395099999,593
1710547200,0.9997,1.0035,0.9991,1.0004,27962.81315,294
1710633600,1.0005,1.0005,0.9985,0.9991,166056.71674,499
1710720000,0.9991,1.0,0.999,0.9997,21664.82576,149
1710806400,0.9997,1.0093,0.9983,0.9994,69355.1261000001,532
1710892800,0.9996,0.9998,0.9992,0.9994,444108.8109500003,508
1710979200,0.9994,1.0048,0.9991,0.9999,621839.6121600007,777
1711065600,0.9999,1.0007,0.999,0.9997,509835.2965899999,470
1711152000,0.9994,0.9997,0.9988,0.9993,171047.5295999999,331
1711238400,0.9994,0.9997,0.999,0.9997,97023.14176,146
1711324800,0.9996,1.0005,0.9988,0.9989,393878.1123000002,100
1711411200,0.9996,1.0044,0.9989,0.999,579428.1009400001,950
1711497600,0.9991,1.0001,0.9989,0.999,624206.8123000003,816
1711584000,0.9997,0.9998,0.999,0.9991,150425.02243,119
1711670400,0.9991,0.9997,0.9988,0.9997,34566.95175,78
1711756800,0.9997,0.9997,0.9989,0.9996,35907.47657,65
1711843200,0.9996,0.9996,0.999,0.999,28904.10535,110
1711929600,0.999,0.9998,0.9988,0.9991,252801.5961199998,309
1712016000,0.9991,0.9999,0.9988,0.9997,1180258.0345000012,1228
1712102400,0.9991,1.0008,0.999,0.9996,695111.0362799997,303
1712188800,0.9991,1.0035,0.999,0.9997,1305878.5353699995,342
1712275200,0.9992,1.0321,0.999,0.9992,675573.3599599998,222
1712361600,0.9995,0.9995,0.999,0.9995,62000.86427,151
1712448000,0.9995,0.9997,0.999,0.9995,53767.887,122
1712534400,0.9995,0.9999,0.999,0.9991,265177.8772800001,369
1712620800,0.9991,1.0047,0.997,0.9996,595993.5402899999,387
1712707200,0.9991,1.0,0.9987,0.9992,274105.5202300001,127
1712793600,0.9992,0.9997,0.999,0.9995,32635.33758,54
1712880000,0.9995,0.9999,0.997,0.999,238225.7541899999,258
1712966400,0.999,1.032,0.997,1.0,2025796.1797000002,201
1713052800,1.0,1.0273,0.9989,0.9991,345570.93894,134
1713139200,0.9992,1.0048,0.9989,1.0,5066065.958620001,216
1713225600,1.0,1.0002,0.9992,1.0,5065308.0485700015,294
1713312000,0.9994,1.0001,0.999,0.9994,389539.5260200001,238
1713398400,0.9994,1.0001,0.9992,0.9993,747072.1284500002,98
1713484800,0.9997,1.0002,0.999,0.9994,930377.71812,368
1713571200,0.9997,1.0001,0.9993,1.0,1111575.0754500001,116
1713657600,0.9994,1.0028,0.9978,0.9998,3909.35476,82
1713744000,0.9998,1.0001,0.9993,1.0,81860.84688,160
1713830400,1.0,1.0001,0.9993,0.9994,160581.7857,82
1713916800,0.9999,1.0012,0.9991,0.9997,753466.434579999,147
1714003200,0.9994,0.9999,0.9993,0.9993,18092.22095,63
1714089600,0.9998,1.0016,0.997,1.0001,31321.73746,88
1714176000,0.9994,1.0,0.9991,0.9994,83751.42449,72
1714262400,0.9997,0.9999,0.999,0.9993,81466.23083,88
1714348800,0.9993,0.9997,0.9981,0.9993,11295.07438,78
1714435200,0.9993,0.9998,0.9991,0.9994,108447.38673,70
1714521600,0.9997,0.9999,0.999,0.9997,235850.5427699999,143
1714608000,0.9994,1.0048,0.9961,0.9994,73933.01236,111
1714694400,0.9997,1.0001,0.9993,0.9994,225408.89647,75
1714780800,0.9993,1.0026,0.9993,1.0001,3882068.969379999,208
1714867200,1.0,1.0,0.9993,0.9993,114757.18141,74
1714953600,0.9993,1.0001,0.9958,0.9993,31158.74987,51
1715040000,0.9993,0.9998,0.9993,0.9994,20176.99845,43
1715126400,0.9997,0.9998,0.999,0.9993,44594.5806,145
1715212800,0.9997,0.9999,0.999,0.9995,87749.99348,114
1715299200,0.9995,0.9998,0.999,0.9993,57966.54321,42
1715385600,0.9997,0.9998,0.9993,0.9998,52296.95312,43
1715472000,0.9998,0.9998,0.9993,0.9993,19673.476,33
1715558400,0.9997,0.9998,0.999,0.9993,57161.93863,36
1715644800,0.9993,0.9998,0.9992,0.9993,127747.5200600001,47
1715731200,0.9993,0.9998,0.9993,0.9997,100119.65824,70
1715817600,0.9997,1.0001,0.9989,0.9993,3161582.9073599973,146
1715904000,0.9996,0.9998,0.999,0.999,40476.61825,41
1715990400,0.9997,0.9998,0.999,0.9996,14476.65653,41
1716076800,0.9996,0.9999,0.999,0.9999,143491.9331499999,48
1716163200,0.9999,1.0001,0.9993,1.0,56061.65489,56
1716249600,1.0,1.0,0.9989,0.9989,133142.71592,369
1716336000,0.9996,0.9997,0.9991,0.9997,18166.15537,167
1716422400,0.9991,0.9997,0.9989,0.9992,238880.9654200001,225
1716508800,0.9992,0.9997,0.9991,0.9994,61631.06101,44
1716595200,0.9991,0.9997,0.9989,0.9992,24187.10508,48
1716681600,0.9996,0.9998,0.9991,0.9997,117700.9033,44
1716768000,0.9991,0.9997,0.999,0.9991,47630.63784,66
1716854400,0.9993,0.9997,0.9991,0.9997,74790.76388,143
1716940800,0.9991,0.9997,0.999,0.9996,88452.01916,110
1717027200,0.9992,0.9997,0.999,0.9991,61880.56616,60
1717113600,0.9991,1.0025,0.9947,0.9997,156463.98356,160
1717200000,0.9997,0.9998,0.9991,0.9991,23227.12889,41
1717286400,0.9991,0.9998,0.9991,0.9997,112899.67993,42
1717372800,0.9997,0.9997,0.9991,0.9994,37993.14028,65
1717459200,0.9991,0.9994,0.9989,0.9994,92129.49737,69
1717545600,0.9991,0.9997,0.9991,0.9994,268463.3309300001,62
1717632000,0.9994,1.0004,0.9988,0.9991,1237436.12607,111
1717718400,0.9994,0.9995,0.9989,0.9991,114874.42368,127
1717804800,0.9991,0.9995,0.9991,0.9994,28126.85658,47
1717891200,0.9994,0.9994,0.9989,0.9994,12670.29228,32
1717977600,0.9994,1.0025,0.9989,0.9997,678691.1634299998,68
1718064000,0.9994,1.0026,0.9989,0.9998,329501.7151100001,68
1718150400,0.9998,0.9998,0.9989,0.9991,97887.56517,64
1718236800,0.9994,1.0,0.9989,0.9991,1347914.32713,88
1718323200,0.9991,0.9997,0.9989,0.9997,216019.9019499999,69
1718409600,0.9991,0.9994,0.999,0.9991,55364.22895,37
1718496000,0.9991,0.9994,0.9989,0.9991,41589.98308,32
1718582400,0.9994,0.9998,0.9991,0.9998,422987.9939499999,36
1718668800,0.9998,0.9998,0.9991,0.9994,48158.11289,32
1718755200,0.9994,1.0,0.9991,0.9997,497600.34361,82
1718841600,0.9998,0.9999,0.9989,0.9991,1074234.043670001,128
1718928000,0.9991,0.9994,0.9989,0.9994,53355.65727,24
1719014400,0.9994,0.9995,0.9989,0.9991,19299.71064,37
1719100800,0.9991,0.9995,0.9991,0.9991,51204.28465,34
1719187200,0.9995,0.9999,0.999,0.9998,735818.2162200001,107
1719273600,0.9998,1.0002,0.9953,0.9995,1472030.4885500006,95
1719360000,0.9995,1.0002,0.998,0.9998,789293.1295000007,113
1719446400,0.9997,1.0001,0.9986,0.9997,11567316.395320069,1131
1719532800,0.9996,1.0002,0.9985,0.9998,40167857.910699666,3822
1719619200,0.9997,1.0002,0.9997,0.9999,497627.05245,65
1719705600,1.0,1.0,0.9997,0.9999,116270.90842,41
1719792000,0.9999,1.0,0.9997,0.9997,3162470.1839200067,322
1719878400,0.9998,1.0002,0.9996,0.9998,12072042.525779918,1263
1719964800,0.9999,1.0,0.9992,1.0,42347.77588,44
1720051200,0.9999,1.0,0.9992,0.9998,50939.68585,38
1720137600,0.9999,1.0,0.9998,0.9999,200711.3282699999,92
1720224000,0.9999,1.0,0.9998,0.9999,15661.0577,16
1720310400,0.9999,1.0,0.9997,0.9999,72829.53101,486
1720396800,0.9999,1.0,0.9998,1.0,81407.77357,217
1720483200,0.9999,1.0,0.9998,0.9999,114018.62778,40
1720569600,1.0,1.0,0.9992,0.9999,87641.68399,40
1720656000,1.0,1.0001,0.9996,0.9998,209193.6817599999,75
1720742400,0.9998,1.0001,0.9998,0.9999,334601.2668699999,52
1720828800,1.0001,1.0001,0.9998,1.0,59510.01921,29
1720915200,1.0001,1.0001,0.9999,0.9999,151220.5873,74
1721001600,1.0,1.0001,0.9997,0.9998,39615.70543,33
1721088000,1.0001,1.0001,0.9998,0.9999,27130.02033,29
1721174400,1.0001,1.0001,0.9997,1.0001,36833.13603,43
1721260800,0.9999,1.0001,0.999,1.0,86611.13734,44
1721347200,0.9999,1.0001,0.9998,1.0001,17194.06087,38
1721433600,1.0001,1.0001,0.9998,1.0001,46684.00847,37
1721520000,1.0001,1.0001,1.0,1.0001,228966.4669,73
1721606400,1.0001,1.0001,0.9998,1.0001,46938.29529,52
1721692800,1.0001,1.0001,0.9998,1.0001,38448.58773,70
1721779200,0.9998,1.0001,0.9998,0.9999,37327.96492,56
1721865600,1.0001,1.0002,0.9994,1.0001,284329.5530700001,65
1721952000,1.0001,1.0001,0.9998,0.9999,44686.46608,47
1722038400,0.9999,1.0001,0.9995,0.9999,123136.63532,151
1722124800,0.9999,1.0001,0.9998,0.9998,27039.92321,18
1722211200,0.9998,1.0001,0.9998,0.9998,176874.0848,55
1722297600,0.9998,1.0001,0.9998,0.9999,50423.27017,45
1722384000,0.9999,1.0001,0.9998,0.9999,55655.96135,47
1722470400,0.9999,1.0001,0.9998,0.9999,55073.63929,39
1722556800,0.9999,1.0001,0.9998,0.9998,67297.14959,40
1722643200,1.0,1.0,0.9995,0.9999,115742.87068,30
1722729600,0.9999,1.0,0.9995,0.9999,169754.7495,54
1722816000,0.9999,1.0,0.9993,0.9998,134253.67405,40
1722902400,1.0,1.0,0.9998,1.0,47194.95941,65
1722988800,1.0,1.0002,0.9998,1.0,78064.15542,52
1723075200,0.9999,1.0,0.9998,0.9999,126874.58217,80
1723161600,0.9999,1.0002,0.9998,0.9999,40482.5474,32
1723248000,0.9999,1.0,0.9998,1.0,30238.86846,38
1723334400,0.9999,1.0,0.9998,1.0,62803.49712,54
1723420800,0.9999,1.0,0.9998,0.9998,70718.69774,34
1723507200,1.0,1.0,0.9997,0.9998,716035.2062800003,75
1723593600,1.0,1.0,0.9993,0.9999,922471.1560899997,64
1723680000,0.9999,1.0002,0.9997,0.9999,5020138.37044,90
1723766400,0.9998,1.0002,0.9997,0.9999,10924767.068209993,151
1723852800,0.9999,1.0001,0.9999,1.0001,15023826.86222,99
1723939200,1.0,1.0001,1.0,1.0,1354242.4489300002,51
1724025600,1.0001,1.0001,0.9997,0.9999,4900241.23048,95
1724112000,1.0,1.0001,0.9998,0.9999,1403577.7808800002,64
1724198400,0.9999,1.0001,0.9998,1.0001,7875893.061619999,86
1724284800,1.0001,1.0001,0.9999,1.0001,302297.2716100001,65
1724371200,1.0,1.0001,0.9998,1.0,65800.18516,44
1724457600,0.9999,1.0001,0.9998,1.0,29935645.499330003,170
1724544000,1.0,1.0001,1.0,1.0,49237.06737,47
1724630400,1.0,1.0001,0.9999,1.0001,1778128.4466199996,65
1724716800,1.0,1.0001,0.9998,0.9998,108291.89959,87
1724803200,0.9998,1.0002,0.9998,1.0001,33815.77344,77
1724889600,1.0,1.0001,1.0,1.0001,17130.94081,66
1724976000,1.0,1.0,0.9997,1.0,426049.4075099999,64
1725062400,1.0,1.0,0.9997,0.9998,14273.65359,50
1725148800,1.0,1.0,0.9994,1.0,84990.41695,59
1725235200,1.0,1.0,0.9998,1.0,94529.5054,52
1725321600,0.9999,1.0,0.9994,0.9999,3424438.6102300044,3177
1725408000,0.9999,1.0,0.9994,0.9999,100816.03187,46
1725494400,1.0,1.0,0.9997,0.9999,171785.9401100001,446
1725580800,0.9999,1.0002,0.9994,0.9998,605310.7812699996,167
1725667200,0.9999,0.9999,0.9993,0.9999,68342.27789,35
1725753600,0.9998,0.9999,0.9993,0.9998,193382.17029,54
1725840000,0.9998,1.0001,0.9997,1.0001,819527.0575700001,43
1725926400,1.0001,1.0001,0.9997,0.9999,147571.10508,53
1726012800,0.9999,0.9999,0.9993,0.9998,352077.3403100002,215
1726099200,0.9999,0.9999,0.9993,0.9998,90141.06985,55
1726185600,0.9999,1.0001,0.9953,1.0001,88214.2555400001,162
1726272000,1.0,1.0001,1.0,1.0001,87394.62116,125
1726358400,1.0001,1.0001,0.9999,0.9999,5035987.119469999,53
1726444800,0.9999,1.0001,0.9997,0.9998,2331385.8547100015,111
1726531200,0.9998,1.0,0.9998,1.0,75080.6553,57
1726617600,1.0,1.0001,0.9998,1.0,283699.0620499999,62
1726704000,1.0001,1.0001,0.9998,1.0001,5881822.605680001,71
1726790400,1.0001,1.0001,0.9997,0.9998,4531590.08847,81
1726876800,0.9998,1.0002,0.9993,1.0001,675237.5274700002,52
1726963200,1.0,1.0001,1.0,1.0,67747.95395,40
1727049600,1.0,1.0,0.9996,0.9998,6848357.734169999,98
1727136000,0.9997,0.9998,0.9993,0.9998,102656.30718,61
1727222400,0.9997,0.9999,0.9993,0.9997,686632.0880999998,279
1727308800,0.9998,1.0002,0.9997,1.0001,613576.9626499997,1062
1727395200,1.0001,1.0002,0.9998,1.0001,5527131.74014,77
1727481600,1.0,1.0002,1.0,1.0,18964.6659,62
1727568000,1.0,1.0001,1.0,1.0001,18286.99659,36
1727654400,1.0,1.0001,0.9998,0.9999,42029.80776,38
